{
  "eye": {
    "orientation": [
      -0.6959131360054016,
      0,
      0,
      0.7181260585784912
    ],
    "magnitude": 1,
    "position": [
      0,
      511.7425842285156,
      16.404136657714844
    ]
  },
  "radius": 512,
  "type": "ORTHOGRAPHIC"
}