{
  "eye": {
    "orientation": [
      0.3467128574848175,
      0.9162887334823608,
      0.14205825328826904,
      0.14150846004486084
    ],
    "magnitude": 1,
    "position": [
      181.8553009033203,
      81.59210968017578,
      -471.61614990234375
    ]
  },
  "radius": 512,
  "type": "ORTHOGRAPHIC"
}